{"cameraMode":{"drawMode":0,"name":"Shaded","section":"Shading Mode"},"sceneLighting":true,"audioPlay":false,"sceneViewState":{"showFog":true,"showMaterialUpdate":false,"showSkybox":true,"showFlares":true,"showImageEffects":true,"showParticleSystems":true},"in2DMode":false,"pivot":{"x":-6.532513618469238,"y":18.159290313720704,"z":-25.117626190185548},"rotation":{"x":0.0002925404696725309,"y":0.9992115497589111,"z":0.007494049612432718,"w":-0.0389891192317009},"size":69.43606567382813,"orthographic":false}